70119;345265;[316,1509,803];[3169,15099,8039];
70233;67617;[128,715,283];[1289,7159,2839];
70213;208831;[171,299,755];[1719,2999,7559];
70189;290963;[103,1300,707];[1039,13009,7079];
26139;387021;[163,142,1231];[1639,1429,12319];
70121;194476;[421,301,596];[4219,3019,5969];
70243;352329;[46,1881,888];[469,18819,8889];
70184;170676;[81,1639,404];[819,16399,4049];
70229;298594;[102,1286,780];[1029,12869,7809];
70214;60472;[90,670,183];[909,6709,1839];
26010;358239;[69,1647,974];[699,16479,9749];
70216;15100;[145,327,167];[1459,3279,1679];
70202;201442;[148,400,662];[1489,4009,6629];
70171;254286;[151,728,781];[1519,7289,7819];
70031;287011;[337,1479,667];[3379,14799,6679];
70102;13622;[383,124,170];[3839,1249,1709];
70149;101257;[337,1035,148];[3379,10359,1489];
70025;190230;[395,521,532];[3959,5219,5329];
70155;102217;[320,1324,152];[3209,13249,1529];
70187;346482;[65,1649,832];[659,16499,8329];
70207;310743;[116,1065,936];[1169,10659,9369];
26015;319628;[57,1975,520];[579,19759,5209];
70236;154062;[122,1578,223];[433,16464,2535];CORRECTED(cut)
26013;450060;[71,1546,1095];[719,15469,10959];
70115;316389;[342,1243,1006];[3429,12439,10069];
70156;114198;[342,1196,299];[3429,11969,2999];
26184;150093;[58,1870,165];[589,18709,1659];
70048;397415;[379,819,1068];[3799,8199,10689];
70108;49186;[333,854,63];[3832,8347,743];CORRECTED(cut)
70164;242478;[126,838,651];[1269,8389,6519];
70029;78592;[142,635,392];[1429,6359,3929];
70096;235841;[357,696,572];[4220,6929,5876];CORRECTED(cut)
70182;262669;[125,823,877];[1259,8239,8779];
70196;42770;[141,387,509];[1419,3879,5099];
20032;397330;[133,796,1042];[1339,7969,10429];
70203;302615;[94,1379,827];[949,13799,8279];
70162;178179;[66,1729,463];[669,17299,4639];
70130;188791;[386,148,536];[3869,1489,5369];
70023;81027;[352,967,422];[3529,9679,4229];
70223;73543;[90,885,332];[909,8859,3329];
70176;245092;[130,841,703];[1309,8419,7039];iffy but ok
70188;67825;[168,573,281];[1532,5247,2564];CORRECTED
70192;263315;[168,543,860];[1689,5439,8609];
70110;132058;[342,1390,493];[3429,13909,4939];
70127;273958;[376,715,1002];[3769,7159,10029];
70034;280487;[351,1149,589];[3519,11499,5899];
70206;406112;[151,531,1164];[1519,5319,11649];
70077;202377;[401,481,685];[4019,4819,6859];
70118;426436;[301,1471,1105];[3019,14719,11059];
70095;107696;[338,1420,221];[3389,14209,2219];
70147;32442;[358,67,377];[4227,390,3959];CORRECTED(cut)
70169;198489;[166,209,647];[1669,2099,6479];
70167;321397;[315,1682,532];[3159,16829,5329];
70218;376314;[151,349,1103];[1519,3499,11039];
70209;368295;[175,77,1021];[1759,779,10219];
70197;208980;[170,162,758];[1709,1629,7589];
70150;106734;[331,1454,190];[3319,14549,1909];
70068;23767;[365,433,264];[3659,4339,2649];
70168;311426;[111,1210,923];[1119,12109,9239];
70232;98483;[88,1088,96];[889,10889,969];
70215;20724;[154,122,222];[1549,1229,2229];
26016;408195;[142,594,1174];[1429,5949,11749];
70244;190370;[155,240,539];[1559,2409,5399];
26014;160793;[78,1671,297];[789,16719,2979];
26017;338188;[57,1658,731];[579,16589,7319];
70208;224538;[183,94,953];[1839,949,9539];
26012;341431;[75,1658,756];[759,16589,7569];
70026;212736;[407,216,798];[4079,2169,7989];
26169;99142;[67,1384,126];[679,13849,1269];
70185;243162;[152,661,650];[1529,6619,6509];
26007;409951;[180,657,1253];[1484,6288,12099];CORRECTED
26183;154187;[86,1817,215];[335,18261,1722];CORRECTED(cut)
70151;256646;[384,550,816];[3849,5509,8169];
20204;275504;[107,1171,534];[1079,11719,5349];
70235;30235;[136,281,344];[1369,2819,3449];
70137;260815;[390,691,842];[3909,6919,8429];
70222;129512;[81,1164,459];[819,11649,4599];
70201;408526;[114,926,1186];[1149,9269,11869];
70124;77991;[381,692,380];[3819,6929,3809];
70125;372498;[391,427,1064];[3919,4279,10649];
70089;192792;[306,308,570];[3728,4198,1055];CORRECTED(cut)
70221;76091;[115,952,354];[1159,9529,3549];
70146;255807;[373,1004,809];[3739,10049,8099];
70134;4451;[390,719,296];[3714,1954,2808];CORRECTED
70217;51179;[93,1029,81];[939,10299,819];
70128;65446;[352,878,246];[3529,8789,2469];
70016;71146;[191,1701,1270];[3484,10355,6528];CORRECTED
70117;392871;[405,596,1022];[4059,5969,10229];
70180;80350;[116,779,421];[1169,7799,4219];
70014;242072;[359,888,655];[3599,8889,6559];
70179;120261;[107,1422,353];[1079,14229,3539];
20196;280046;[83,1292,554];[839,12929,5549];
70123;306441;[312,1488,880];[3129,14889,8809];
70241;345533;[61,1724,818];[619,17249,8189];
70050;407796;[347,881,1184];[3479,8819,11849];
70116;33959;[366,152,435];[3962,1346,4077];CORRECTED
70085;444628;[250,1591,1034];[2888,15871,10385];CORRECTED(cut)
70122;304731;[336,1162,858];[3369,11629,8589];
70032;292548;[358,1396,697];[3589,13969,6979];
70030;307777;[321,1298,892];[3219,12989,8929];
20062;118184;[129,1345,344];[1299,13459,3449];
70093;349980;[277,1892,845];[2779,18929,8459];
70086;301844;[280,1090,825];[3329,11022,12594];CORRECTED(cut)
70080;200209;[384,194,674];[3993,2128,6569];CORRECTED
70240;330954;[75,1889,649];[690,18905,6459];CORRECTED
70204;434197;[112,1083,1190];[1129,10839,11909];
26011;432980;[92,1356,1192];[929,13569,11929];
70238;161461;[68,1853,313];[689,18539,3139];
26143;377067;[166,268,1121];[1669,2689,11219];
26174;97549;[85,1512,112];[859,15129,1129];
70111;332134;[343,1641,659];[3439,16419,6599];
70090;292967;[380,1109,716];[3809,11099,7169];
70219;392944;[162,708,989];[1629,7089,9899];
70112;316402;[321,1334,998];[3219,13349,9989];
20044;361833;[79,1571,988];[799,15719,9889];
70126;129064;[367,1215,439];[3679,12159,4399];
70163;218139;[173,436,853];[1739,4369,8539];
70227;117086;[101,1454,333];[1019,14549,3339];
70145;95546;[304,1347,78];[3507,13208,838];CORRECTED(cut)
70212;59713;[109,983,171];[1099,9839,1719];
70183;87352;[118,704,488];[1189,7049,4889];
26197;447738;[47,1861,1075];[479,18619,10759];
70120;432863;[307,1241,1177];[3079,12419,11779];
70114;264884;[351,1003,904];[3519,10039,9049];
26009;455635;[65,1537,1168];[659,15379,11689];
70027;16304;[317,423,188];[3955,4099,1922];CORRECTED(cut)
70198;370766;[145,411,1023];[1459,4119,10239];
70083;413690;[334,906,1239];[3349,9069,12399];
70099;150146;[254,1641,173];[3412,16134,1726];CORRECTED(cut)
70133;118896;[330,1355,346];[3812,13779,3392];CORRECTED(cut)
70186;297055;[77,1501,754];[779,15019,7549];
70178;34334;[120,408,394];[1209,4089,3949];
70170;57178;[150,604,150];[1509,6049,1509];
70141;52066;[334,744,95];[3922,7715,780];CORRECTED(cut)
70138;96301;[329,1493,65];[3299,14939,659];
26180;141269;[103,1719,82];[288,18095,1021];CORRECTED(cut)
70181;36785;[142,396,419];[1429,3969,4199];
70191;190069;[176,66,546];[1769,669,5469];
70100;4451;[390,719,296];[4122,2873,3636];CORRECTED(cut)
70231;180257;[112,1548,497];[1129,15489,4979];
70228;92976;[68,1287,38];[689,12879,389];
70174;332939;[92,1584,649];[929,15849,6499];
70154;252202;[360,866,769];[3609,8669,7699];
70081;388502;[371,172,1245];[4303,1597,12765];CORRECTED(cut)
70084;269168;[371,924,944];[3719,9249,9449];
70106;212491;[398,352,787];[3989,3529,7879];
70087;294793;[346,1239,734];[3469,12399,7349];
70066;262931;[371,850,884];[3719,8509,8849];
70109;266480;[410,668,961];[4062,6064,8782];CORRECTED
70199;68645;[124,609,289];[1249,6099,2899];
70076;194582;[377,396,592];[3779,3969,5929];
70088;228325;[405,50,985];[4059,509,9859];
70079;60781;[343,973,203];[3439,9739,2039];
20025;420463;[109,1217,1047];[1099,12179,10479];
70220;224107;[155,402,969];[1550,4397,9394];CORRECTED
70028;42613;[148,482,489];[1489,4829,4899];
70193;306604;[113,1034,875];[1139,10349,8759];
70113;56016;[364,607,145];[3649,6079,1459];
70237;253380;[113,1006,757];[1139,10069,7579];
70205;291749;[112,1037,702];[1129,10379,7029];
70200;198772;[153,455,660];[1539,4559,6609];
70242;351285;[50,1843,885];[509,18439,8859];
70195;115669;[119,1196,297];[1199,11969,2979];
26186;149317;[57,1976,156];[579,19769,1569];
70239;327959;[34,1876,583];[349,18769,5839];
70158;235864;[361,838,554];[3619,8389,5549];
70148;81146;[370,564,423];[4151,5689,4239];CORRECTED(cut)
70082;413294;[334,550,1241];[3896,5302,12509];CORRECTED(cut)
70230;236497;[117,942,562];[1179,9429,5629];
70225;284998;[83,1470,636];[839,14709,6369];
70131;276259;[318,1481,533];[3699,14694,5722];CORRECTED(cut)
70224;109376;[91,1311,233];[919,13119,2339];
70234;102877;[99,1035,157];[999,10359,1579];
70033;71146;[191,1701,1270];[4022,9357,5050];CORRECTED
70035;108085;[348,1120,224];[3489,11209,2249];
70172;268251;[155,669,921];[1559,6699,9219];
20030;394965;[118,860,1044];[1189,8609,10449];
70129;4451;[390,719,296];[3698,6447,3181];CORRECTED
70194;112961;[114,1180,269];[1149,11809,2699];
70024;73726;[374,902,340];[3749,9029,3409];
70161;422759;[102,1209,1084];[1029,12099,10849];
70211;7309;[131,129,85];[1319,1299,859];
70152;157415;[322,1623,264];[3229,16239,2649];
